{
  "placeholderImages": [
    {
      "id": "hero-1",
      "description": "Addis Ababa skyline at dusk",
      "imageUrl": "https://images.unsplash.com/photo-1486406146926-c627a92ad1ab?crop=entropy&cs=tinysrgb&fit=max&fm=jpg&ixid=M3w3NDE5ODJ8MHwxfHNlYXJjaHwzfHxjaXR5JTIwc2t5bGluZXxlbnwwfHx8fDE3NjE1ODkwOTl8MA&ixlib=rb-4.1.0&q=80&w=1080",
      "imageHint": "city skyline"
    },
    {
      "id": "living-room-1",
      "description": "Modern living room with a comfortable sofa",
      "imageUrl": "https://images.unsplash.com/photo-1560448204-e02f11c3d0e2?crop=entropy&cs=tinysrgb&fit=max&fm=jpg&ixid=M3w3NDE5ODJ8MHwxfHNlYXJjaHwxMHx8bGl2aW5nJTIwcm9vbXxlbnwwfHx8fDE3NjE1NzMyODV8MA&ixlib=rb-4.1.0&q=80&w=1080",
      "imageHint": "living room"
    },
    {
      "id": "living-room-2",
      "description": "Bright and airy living room with large windows",
      "imageUrl": "https://images.unsplash.com/photo-1605774337664-7a846e9cdf17?crop=entropy&cs=tinysrgb&fit=max&fm=jpg&ixid=M3w3NDE5ODJ8MHwxfHNlYXJjaHw4fHxsaXZpbmclMjByb29tfGVufDB8fHx8MTc2MTU3MzI4NXww&ixlib=rb-4.1.0&q=80&w=1080",
      "imageHint": "living room"
    },
    {
      "id": "kitchen-1",
      "description": "Sleek kitchen with modern appliances",
      "imageUrl": "https://images.unsplash.com/photo-1602028915047-37269d1a73f7?crop=entropy&cs=tinysrgb&fit=max&fm=jpg&ixid=M3w3NDE5ODJ8MHwxfHNlYXJjaHw0fHxraXRjaGVuJTIwaW50ZXJpb3J8ZW58MHx8fHwxNzYxNjMyODMzfDA&ixlib=rb-4.1.0&q=80&w=1080",
      "imageHint": "kitchen interior"
    },
    {
      "id": "kitchen-2",
      "description": "Cozy kitchen with wooden cabinets",
      "imageUrl": "https://images.unsplash.com/photo-1565538810643-b5bdb714032a?crop=entropy&cs=tinysrgb&fit=max&fm=jpg&ixid=M3w3NDE5ODJ8MHwxfHNlYXJjaHw3fHxraXRjaGVuJTIwaW50ZXJpb3J8ZW58MHx8fHwxNzYxNjMyODMzfDA&ixlib=rb-4.1.0&q=80&w=1080",
      "imageHint": "kitchen interior"
    },
    {
      "id": "bedroom-1",
      "description": "Comfortable bedroom with a large bed",
      "imageUrl": "https://images.unsplash.com/photo-1505693416388-ac5ce068fe85?crop=entropy&cs=tinysrgb&fit=max&fm=jpg&ixid=M3w3NDE5ODJ8MHwxfHNlYXJjaHwzfHxiZWRyb29tfGVufDB8fHx8MTc2MTU4MDEzN3ww&ixlib=rb-4.1.0&q=80&w=1080",
      "imageHint": "bedroom"
    },
    {
      "id": "bedroom-2",
      "description": "Bedroom with a view",
      "imageUrl": "https://images.unsplash.com/photo-1643913590311-e92892c2f611?crop=entropy&cs=tinysrgb&fit=max&fm=jpg&ixid=M3w3NDE5ODJ8MHwxfHNlYXJjaHw3fHxiZWRyb29tJTIwd2luZG93fGVufDB8fHx8MTc2MTU3Mjk5OHww&ixlib=rb-4.1.0&q=80&w=1080",
      "imageHint": "bedroom window"
    },
    {
      "id": "bedroom-3",
      "description": "Minimalist bedroom design",
      "imageUrl": "https://images.unsplash.com/photo-1505693416388-ac5ce068fe85?crop=entropy&cs=tinysrgb&fit=max&fm=jpg&ixid=M3w3NDE5ODJ8MHwxfHNlYXJjaHwzfHxiZWRyb29tfGVufDB8fHx8MTc2MTU4MDEzN3ww&ixlib=rb-4.1.0&q=80&w=1080",
      "imageHint": "bedroom"
    },
    {
      "id": "bathroom-1",
      "description": "Clean and modern bathroom",
      "imageUrl": "https://images.unsplash.com/photo-1521783593447-5702b9bfd267?crop=entropy&cs=tinysrgb&fit=max&fm=jpg&ixid=M3w3NDE5ODJ8MHwxfHNlYXJjaHw2fHxiYXRocm9vbXxlbnwwfHx8fDE3NjE2Mjk3MTN8MA&ixlib=rb-4.1.0&q=80&w=1080",
      "imageHint": "bathroom"
    },
    {
      "id": "bathroom-2",
      "description": "Bathroom with a walk-in shower",
      "imageUrl": "https://images.unsplash.com/photo-1576698483491-8c43f0862543?crop=entropy&cs=tinysrgb&fit=max&fm=jpg&ixid=M3w3NDE5ODJ8MHwxfHNlYXJjaHw5fHxiYXRocm9vbXxlbnwwfHx8fDE3NjE2Mjk3MTN8MA&ixlib=rb-4.1.0&q=80&w=1080",
      "imageHint": "bathroom"
    },
    {
      "id": "balcony-1",
      "description": "Balcony with a city view",
      "imageUrl": "https://images.unsplash.com/photo-1658048806266-f793f1f8c7c6?crop=entropy&cs=tinysrgb&fit=max&fm=jpg&ixid=M3w3NDE5ODJ8MHwxfHNlYXJjaHw2fHxiYWxjb255JTIwdmlld3xlbnwwfHx8fDE3NjE1NTMwNDN8MA&ixlib=rb-4.1.0&q=80&w=1080",
      "imageHint": "balcony view"
    }
  ]
}